[
{
  "model": "event.topic",
  "pk": 1,
  "fields": {
    "name": "Introducci\u00f3n a Linux"
  }
},
{
  "model": "event.topic",
  "pk": 2,
  "fields": {
    "name": "HTCondor"
  }
},
{
  "model": "event.topic",
  "pk": 3,
  "fields": {
    "name": "Programaci\u00f3n en Paralelo, Fundamentos, Hilos de Ejecuci\u00f3n"
  }
},
{
  "model": "event.topic",
  "pk": 4,
  "fields": {
    "name": "Programaci\u00f3n en Paralelo GPGPU"
  }
},
{
  "model": "event.topic",
  "pk": 5,
  "fields": {
    "name": "Contenedores con Docker"
  }
},
{
  "model": "event.topic",
  "pk": 6,
  "fields": {
    "name": "Introducci\u00f3n a la Computaci\u00f3n en Paralelo"
  }
},
{
  "model": "event.topic",
  "pk": 7,
  "fields": {
    "name": "Taller de Programaci\u00f3n B\u00e1sica en OpenMP"
  }
},
{
  "model": "event.topic",
  "pk": 8,
  "fields": {
    "name": "Caracteristicas Computacionales del Cluster de la Unversidad del Valle"
  }
},
{
  "model": "event.topic",
  "pk": 9,
  "fields": {
    "name": "Introducci\u00f3n a los Contenedores"
  }
},
{
  "model": "event.topic",
  "pk": 10,
  "fields": {
    "name": "Taller Practico de Docker"
  }
},
{
  "model": "event.topic",
  "pk": 11,
  "fields": {
    "name": "Introducci\u00f3n a HTCondor"
  }
},
{
  "model": "event.topic",
  "pk": 12,
  "fields": {
    "name": "Taller Practico de Condor"
  }
},
{
  "model": "event.topic",
  "pk": 13,
  "fields": {
    "name": "Introducci\u00f3n a GPGPU"
  }
},
{
  "model": "event.topic",
  "pk": 14,
  "fields": {
    "name": "Taller Practico de C++/CUDA"
  }
},
{
  "model": "event.eventimage",
  "pk": 1,
  "fields": {
    "image": "img/events/IMG_20160819_171744262.jpg"
  }
},
{
  "model": "event.eventimage",
  "pk": 2,
  "fields": {
    "image": "img/events/IMG_20160819_171741975.jpg"
  }
},
{
  "model": "event.eventimage",
  "pk": 3,
  "fields": {
    "image": "img/events/IMG_20160819_171729575.jpg"
  }
},
{
  "model": "event.eventimage",
  "pk": 4,
  "fields": {
    "image": "img/events/IMG_20160819_171727062.jpg"
  }
},
{
  "model": "event.sponsor",
  "pk": 1,
  "fields": {
    "name": null,
    "image": "img/events/univalle.jpg",
    "description": ""
  }
},
{
  "model": "event.sponsor",
  "pk": 2,
  "fields": {
    "name": null,
    "image": "img/events/uniquindio.png",
    "description": ""
  }
},
{
  "model": "event.event",
  "pk": 1,
  "fields": {
    "name": "I Workshop Computational platforms",
    "banner": "img/events/1seminar.jpg",
    "important_notes": "This workshop was aimed to Masters and PhD students with an interest in topics such as High Performance Computing, Computational modeling and Distributed Systems. The presentations will be carried out in Spanish. For this occasion we received between 20 students.",
    "application_opening": "2016-08-01",
    "application_deadline": "2017-01-13",
    "admission_notification": "2017-01-21",
    "start_date": "2016-08-16T08:00:00Z",
    "end_date": "2016-08-19T18:00:00Z",
    "registration_form_url": "https://docs.google.com/a/correounivalle.edu.co/forms/d/1FgNJNdEgVTowQjhNuzhDFeHHm-rqCgx5-5iwbAhr4wU/edit?ts=5791437a",
    "feedback_form_url": "https://docs.google.com/a/correounivalle.edu.co/forms/d/102HEtLOrJLSAFTyu33BPEt6yqp_4VJHQGcG2L29W1bA/edit?ts=57b2a7d8",
    "mision": "The objective of this week's workshop was to publicize and encourage both Master's and Doctoral students to use the computational infrastructure available at the Universidad del Valle for scientific research purposes. In the same way, we showed how this computational infrastructure can be accessed and how the Networks and Distributed Systems Laboratory can assist students in the process.",
    "venue": "Universidad del Valle, Cali, Colombia.\r\nBuilding 331, Systems classroom #2, Second floor.",
    "costs": "Free to all\r\n(max 30 students)",
    "program": "https://docs.google.com/spreadsheets/d/19294eeNtaEu8h1Zka_eRMtR99qbjoh2nBUCGgdcKfJI/pubhtml?gid=0&amp;single=true&amp;widget=false&amp;headers=false&amp;range=A7:I61&amp;chrome=false",
    "topics": [
      1,
      2,
      3,
      4,
      5
    ],
    "images": [
      1,
      2,
      3,
      4
    ],
    "sponsors": [
      1,
      2
    ]
  }
},
{
  "model": "event.eventspeaker",
  "pk": 1,
  "fields": {
    "event": 1,
    "speaker": 1,
    "topics": [
      6,
      7
    ]
  }
},
{
  "model": "event.eventspeaker",
  "pk": 2,
  "fields": {
    "event": 1,
    "speaker": 4,
    "topics": [
      1,
      8
    ]
  }
},
{
  "model": "event.eventspeaker",
  "pk": 3,
  "fields": {
    "event": 1,
    "speaker": 6,
    "topics": [
      9,
      10
    ]
  }
},
{
  "model": "event.eventspeaker",
  "pk": 4,
  "fields": {
    "event": 1,
    "speaker": 8,
    "topics": [
      11,
      12
    ]
  }
},
{
  "model": "event.eventspeaker",
  "pk": 5,
  "fields": {
    "event": 1,
    "speaker": 9,
    "topics": [
      13,
      14
    ]
  }
},
{
  "model": "event.eventspeaker",
  "pk": 6,
  "fields": {
    "event": 1,
    "speaker": 10,
    "topics": [
      13,
      14
    ]
  }
},
{
  "model": "auth.group",
  "pk": 1,
  "fields": {
    "name": "Member",
    "permissions": []
  }
},
{
  "model": "auth.group",
  "pk": 2,
  "fields": {
    "name": "Asociado",
    "permissions": []
  }
},
{
  "model": "person.person",
  "pk": 1,
  "fields": {
    "picture": "img/people/aurelio.JPG",
    "name": "Aurelio Vivas",
    "email": "aurelio.vivas@correounivalle.edu.co",
    "github_url": "https://github.com/DonAurelio",
    "google_url": "https://plus.google.com/u/0/",
    "youtube_channel_url": "https://www.youtube.com/channel/UC8dUowKn4QtZx5jJwUhJpcA",
    "webpage_url": "",
    "description": "",
    "interest": "Computaci\u00f3n Paralela\r\nLenguajes de Programaci\u00f3n\r\nDesarrollo Web",
    "affiliation": "Universidad del Valle",
    "laboratory": "LaSCilab",
    "groups": [
      1
    ]
  }
},
{
  "model": "person.person",
  "pk": 2,
  "fields": {
    "picture": "img/people/carlos_arango.png",
    "name": "Carlos Arango",
    "email": "carlos.arango.gutierrez@correounivalle.edu.co",
    "github_url": "https://github.com/ArangoGutierrez",
    "google_url": "",
    "youtube_channel_url": "",
    "webpage_url": "",
    "description": "",
    "interest": "Sistemas Distribuidos\r\nCambio Clim\u00e1tico\r\nVirtualizaci\u00f3n",
    "affiliation": "Universidad del Valle",
    "laboratory": "LaSCilab, CIBIoFi",
    "groups": [
      1
    ]
  }
},
{
  "model": "person.person",
  "pk": 3,
  "fields": {
    "picture": "img/people/jhon_pantoja.png",
    "name": "Jhon Pantoja",
    "email": "jhon.pantoja@correounivalle.edu.co",
    "github_url": "",
    "google_url": "",
    "youtube_channel_url": "",
    "webpage_url": "",
    "description": "",
    "interest": "Seguridad Informatica",
    "affiliation": "Universidad del Valle",
    "laboratory": "LaSCilab",
    "groups": [
      1
    ]
  }
},
{
  "model": "person.person",
  "pk": 4,
  "fields": {
    "picture": "img/people/john_sanabria.jpg",
    "name": "John Sanabria",
    "email": "john.sanabria@correounivalle.edu.co",
    "github_url": "https://github.com/josanabr",
    "google_url": "https://plus.google.com/+JohnSanabria",
    "youtube_channel_url": "https://www.youtube.com/channel/UC3LSoIg0X0nrDZ7PXrzHXOg",
    "webpage_url": "",
    "description": "",
    "interest": "Director Laboratorio de Redes y Sistemas Distribuidos",
    "affiliation": "Universidad del Valle",
    "laboratory": "LaSCilab",
    "groups": [
      1
    ]
  }
},
{
  "model": "person.person",
  "pk": 5,
  "fields": {
    "picture": "img/people/mauricio_collazos.png",
    "name": "Mauricio Collazos",
    "email": "ma0@contraslash.com",
    "github_url": "https://github.com/ma0collazos",
    "google_url": "https://plus.google.com/+MauricioCollazos",
    "youtube_channel_url": "https://www.youtube.com/channel/UCLVtbyp78HmQai_3S8ovBkA",
    "webpage_url": "http://contraslash.com/",
    "description": "",
    "interest": "Desarrollo Web\r\nDesarrollo Movil",
    "affiliation": "Universidad del Valle",
    "laboratory": "LaSCilab",
    "groups": [
      1
    ]
  }
},
{
  "model": "person.person",
  "pk": 6,
  "fields": {
    "picture": "img/people/jhon_Caballero.jpg",
    "name": "Jhon Caballero",
    "email": "jhon.caballero@correounivalle.edu.co",
    "github_url": "https://github.com/jhonfcp",
    "google_url": "",
    "youtube_channel_url": "",
    "webpage_url": "",
    "description": "",
    "interest": "Virtualizaci\u00f3n \r\nDocker\r\nKubernetes",
    "affiliation": "Universidad del Valle",
    "laboratory": "LaSCilab",
    "groups": [
      1
    ]
  }
},
{
  "model": "person.person",
  "pk": 7,
  "fields": {
    "picture": "img/people/Carlos_Roman.jpg",
    "name": "Carlos Roman",
    "email": "carlos.roman@correounivalle.edu.co",
    "github_url": "https://github.com/carlochess",
    "google_url": "",
    "youtube_channel_url": "",
    "webpage_url": "",
    "description": "",
    "interest": "Sistemas Distribuidos\r\nHTCondor",
    "affiliation": "Universidad del Valle",
    "laboratory": "LaSCilab",
    "groups": [
      1
    ]
  }
},
{
  "model": "person.person",
  "pk": 8,
  "fields": {
    "picture": "",
    "name": "Edier Zapata",
    "email": "edalzap@gmail.com",
    "github_url": "",
    "google_url": "",
    "youtube_channel_url": "",
    "webpage_url": "",
    "description": "",
    "interest": "Sistemas Distribuidos\r\nHTCondor",
    "affiliation": "Universidad del Valle",
    "laboratory": "LaSCilab",
    "groups": [
      1
    ]
  }
},
{
  "model": "person.person",
  "pk": 9,
  "fields": {
    "picture": "img/people/lesepulveda_For_Moodle.jpg",
    "name": "Lu\u00eds Sepulveda",
    "email": "lesepulveda@uniquindio.edu.co",
    "github_url": "",
    "google_url": "",
    "youtube_channel_url": "",
    "webpage_url": "",
    "description": "",
    "interest": "GPGPU GPUs para Computaci\u00f3n de Prop\u00f3sito General",
    "affiliation": "Universidad del Quindio",
    "laboratory": "Grupo Grid",
    "groups": []
  }
},
{
  "model": "person.person",
  "pk": 10,
  "fields": {
    "picture": "img/people/Julian_Gutierrez.jpg",
    "name": "Julian Gutierrez",
    "email": "jugutier@uniquindio.edu.co",
    "github_url": "",
    "google_url": "",
    "youtube_channel_url": "",
    "webpage_url": "",
    "description": "",
    "interest": "GPGPU GPUs para Computaci\u00f3n de Prop\u00f3sito General",
    "affiliation": "Universidad del Quindio",
    "laboratory": "Grupo Grid",
    "groups": []
  }
},
{
  "model": "auth.user",
  "pk": 1,
  "fields": {
    "password": "pbkdf2_sha256$30000$swaB7KFEBRSE$1kfQEEz31wNDzsjBbzA4fEiLOgS8LNGMhD6mDsUNxw4=",
    "last_login": "2017-03-22T06:25:15.289Z",
    "is_superuser": true,
    "username": "admin",
    "first_name": "",
    "last_name": "",
    "email": "admin@gmail.com",
    "is_staff": true,
    "is_active": true,
    "date_joined": "2017-01-25T17:37:49.455Z",
    "groups": [],
    "user_permissions": []
  }
}
]
